dataset,config,fold,seed,acc,cost
hill-valley,cheap_rr,0,0,0.6881,84.8
hill-valley,bandit,0,0,0.6964,61.7
hill-valley,round_robin,0,0,0.6898,148.3
hill-valley,cheap_rr,0,1,0.6865,84.8
hill-valley,bandit,0,1,0.6997,61.0
hill-valley,round_robin,0,1,0.6799,148.3
hill-valley,cheap_rr,0,2,0.6898,84.8
hill-valley,bandit,0,2,0.703,61.7
hill-valley,round_robin,0,2,0.6667,148.3
hill-valley,cheap_rr,1,0,0.6601,84.6
hill-valley,bandit,1,0,0.67,58.8
hill-valley,round_robin,1,0,0.665,148.1
hill-valley,cheap_rr,1,1,0.6799,84.6
hill-valley,bandit,1,1,0.6733,59.5
hill-valley,round_robin,1,1,0.6485,148.1
hill-valley,cheap_rr,1,2,0.6766,84.6
hill-valley,bandit,1,2,0.6683,58.8
hill-valley,round_robin,1,2,0.6634,148.1
hill-valley,cheap_rr,2,0,0.6551,84.4
hill-valley,bandit,2,0,0.6848,60.1
hill-valley,round_robin,2,0,0.6436,147.9
hill-valley,cheap_rr,2,1,0.6419,84.4
hill-valley,bandit,2,1,0.6634,58.6
hill-valley,round_robin,2,1,0.637,147.9
hill-valley,cheap_rr,2,2,0.6518,84.4
hill-valley,bandit,2,2,0.6601,58.6
hill-valley,round_robin,2,2,0.6634,147.9
hill-valley,cheap_rr,3,0,0.6848,84.6
hill-valley,bandit,3,0,0.6931,59.6
hill-valley,round_robin,3,0,0.6634,148.1
hill-valley,cheap_rr,3,1,0.6733,84.6
hill-valley,bandit,3,1,0.6898,58.3
hill-valley,round_robin,3,1,0.6716,148.1
hill-valley,cheap_rr,3,2,0.6815,84.6
hill-valley,bandit,3,2,0.6716,59.6
hill-valley,round_robin,3,2,0.665,148.1
statlog-image,cheap_rr,0,0,0.9705,83.6
statlog-image,bandit,0,0,0.9705,59.2
statlog-image,round_robin,0,0,0.9723,147.2
statlog-image,cheap_rr,0,1,0.9775,83.6
statlog-image,bandit,0,1,0.9723,59.2
statlog-image,round_robin,0,1,0.9757,147.2
statlog-image,cheap_rr,0,2,0.9775,83.6
statlog-image,bandit,0,2,0.9688,59.9
statlog-image,round_robin,0,2,0.9792,147.2
statlog-image,cheap_rr,1,0,0.9827,82.4
statlog-image,bandit,1,0,0.9792,54.4
statlog-image,round_robin,1,0,0.9844,146.3
statlog-image,cheap_rr,1,1,0.9861,82.4
statlog-image,bandit,1,1,0.9827,54.7
statlog-image,round_robin,1,1,0.9879,146.3
statlog-image,cheap_rr,1,2,0.9809,82.4
statlog-image,bandit,1,2,0.9809,54.7
statlog-image,round_robin,1,2,0.9809,146.3
statlog-image,cheap_rr,2,0,0.9861,84.7
statlog-image,bandit,2,0,0.9844,64.0
statlog-image,round_robin,2,0,0.9879,148.2
statlog-image,cheap_rr,2,1,0.9844,84.7
statlog-image,bandit,2,1,0.9827,64.0
statlog-image,round_robin,2,1,0.9827,148.2
statlog-image,cheap_rr,2,2,0.9896,84.7
statlog-image,bandit,2,2,0.9879,63.8
statlog-image,round_robin,2,2,0.9879,148.2
statlog-image,cheap_rr,3,0,0.9844,82.4
statlog-image,bandit,3,0,0.9809,54.7
statlog-image,round_robin,3,0,0.9844,146.3
statlog-image,cheap_rr,3,1,0.9809,82.4
statlog-image,bandit,3,1,0.9827,54.7
statlog-image,round_robin,3,1,0.9861,146.3
statlog-image,cheap_rr,3,2,0.9879,82.4
statlog-image,bandit,3,2,0.9827,54.7
statlog-image,round_robin,3,2,0.9844,146.3
molec-biol-promoter,cheap_rr,0,0,0.9615,78.2
molec-biol-promoter,bandit,0,0,0.9615,32.3
molec-biol-promoter,round_robin,0,0,0.9615,142.6
molec-biol-promoter,cheap_rr,0,1,0.9231,78.2
molec-biol-promoter,bandit,0,1,0.8846,38.6
molec-biol-promoter,round_robin,0,1,0.9231,142.6
molec-biol-promoter,cheap_rr,0,2,0.8846,78.2
molec-biol-promoter,bandit,0,2,0.8462,36.0
molec-biol-promoter,round_robin,0,2,0.9231,142.6
molec-biol-promoter,cheap_rr,1,0,0.8846,78.2
molec-biol-promoter,bandit,1,0,0.8846,32.2
molec-biol-promoter,round_robin,1,0,0.8846,142.6
molec-biol-promoter,cheap_rr,1,1,0.8462,78.2
molec-biol-promoter,bandit,1,1,0.8462,35.6
molec-biol-promoter,round_robin,1,1,0.8846,142.6
molec-biol-promoter,cheap_rr,1,2,0.8846,78.2
molec-biol-promoter,bandit,1,2,0.8846,33.2
molec-biol-promoter,round_robin,1,2,0.8846,142.6
molec-biol-promoter,cheap_rr,2,0,0.8462,78.2
molec-biol-promoter,bandit,2,0,0.8462,33.7
molec-biol-promoter,round_robin,2,0,0.8462,142.6
molec-biol-promoter,cheap_rr,2,1,0.8077,78.2
molec-biol-promoter,bandit,2,1,0.7308,31.7
molec-biol-promoter,round_robin,2,1,0.8846,142.6
molec-biol-promoter,cheap_rr,2,2,0.7308,78.2
molec-biol-promoter,bandit,2,2,0.6923,31.7
molec-biol-promoter,round_robin,2,2,0.8462,142.6
molec-biol-promoter,cheap_rr,3,0,0.9615,78.2
molec-biol-promoter,bandit,3,0,0.9615,30.7
molec-biol-promoter,round_robin,3,0,1.0,142.6
molec-biol-promoter,cheap_rr,3,1,0.9231,78.2
molec-biol-promoter,bandit,3,1,0.9231,33.6
molec-biol-promoter,round_robin,3,1,0.9615,142.6
molec-biol-promoter,cheap_rr,3,2,0.9615,78.2
molec-biol-promoter,bandit,3,2,0.8846,36.0
molec-biol-promoter,round_robin,3,2,0.9615,142.6
monks-3,cheap_rr,0,0,0.5278,81.3
monks-3,bandit,0,0,0.5278,48.5
monks-3,round_robin,0,0,0.5278,145.3
monks-3,cheap_rr,0,1,0.5278,81.3
monks-3,bandit,0,1,0.5278,49.2
monks-3,round_robin,0,1,0.5278,145.3
monks-3,cheap_rr,0,2,0.5278,81.3
monks-3,bandit,0,2,0.5278,48.2
monks-3,round_robin,0,2,0.5278,145.3
monks-3,cheap_rr,1,0,0.5278,81.3
monks-3,bandit,1,0,0.5301,52.3
monks-3,round_robin,1,0,0.5278,145.3
monks-3,cheap_rr,1,1,0.5324,81.3
monks-3,bandit,1,1,0.5347,49.2
monks-3,round_robin,1,1,0.5301,145.3
monks-3,cheap_rr,1,2,0.5301,81.3
monks-3,bandit,1,2,0.5324,49.2
monks-3,round_robin,1,2,0.5278,145.3
monks-3,cheap_rr,2,0,0.5278,81.3
monks-3,bandit,2,0,0.5278,49.2
monks-3,round_robin,2,0,0.5278,145.3
monks-3,cheap_rr,2,1,0.5278,81.3
monks-3,bandit,2,1,0.5278,49.2
monks-3,round_robin,2,1,0.5278,145.3
monks-3,cheap_rr,2,2,0.5278,81.3
monks-3,bandit,2,2,0.5278,49.2
monks-3,round_robin,2,2,0.5278,145.3
monks-3,cheap_rr,3,0,0.5324,81.3
monks-3,bandit,3,0,0.5671,51.0
monks-3,round_robin,3,0,0.5278,145.3
monks-3,cheap_rr,3,1,0.5394,81.3
monks-3,bandit,3,1,0.5625,50.8
monks-3,round_robin,3,1,0.5394,145.3
monks-3,cheap_rr,3,2,0.5278,81.3
monks-3,bandit,3,2,0.544,51.3
monks-3,round_robin,3,2,0.5278,145.3
vertebral-column-3clases,cheap_rr,0,0,0.8182,81.3
vertebral-column-3clases,bandit,0,0,0.7922,49.2
vertebral-column-3clases,round_robin,0,0,0.7792,145.3
vertebral-column-3clases,cheap_rr,0,1,0.8571,81.3
vertebral-column-3clases,bandit,0,1,0.7922,50.2
vertebral-column-3clases,round_robin,0,1,0.8182,145.3
vertebral-column-3clases,cheap_rr,0,2,0.8182,81.3
vertebral-column-3clases,bandit,0,2,0.8312,50.3
vertebral-column-3clases,round_robin,0,2,0.7922,145.3
vertebral-column-3clases,cheap_rr,1,0,0.8571,84.7
vertebral-column-3clases,bandit,1,0,0.8571,63.7
vertebral-column-3clases,round_robin,1,0,0.8831,148.2
vertebral-column-3clases,cheap_rr,1,1,0.8571,84.7
vertebral-column-3clases,bandit,1,1,0.8831,63.3
vertebral-column-3clases,round_robin,1,1,0.8701,148.2
vertebral-column-3clases,cheap_rr,1,2,0.8571,84.7
vertebral-column-3clases,bandit,1,2,0.8701,63.2
vertebral-column-3clases,round_robin,1,2,0.8701,148.2
vertebral-column-3clases,cheap_rr,2,0,0.8182,81.3
vertebral-column-3clases,bandit,2,0,0.8052,49.3
vertebral-column-3clases,round_robin,2,0,0.8312,145.3
vertebral-column-3clases,cheap_rr,2,1,0.8312,81.3
vertebral-column-3clases,bandit,2,1,0.8312,49.3
vertebral-column-3clases,round_robin,2,1,0.8312,145.3
vertebral-column-3clases,cheap_rr,2,2,0.7922,81.3
vertebral-column-3clases,bandit,2,2,0.8052,48.5
vertebral-column-3clases,round_robin,2,2,0.8052,145.3
vertebral-column-3clases,cheap_rr,3,0,0.8182,81.3
vertebral-column-3clases,bandit,3,0,0.8182,49.5
vertebral-column-3clases,round_robin,3,0,0.8182,145.3
vertebral-column-3clases,cheap_rr,3,1,0.8312,81.3
vertebral-column-3clases,bandit,3,1,0.8312,48.8
vertebral-column-3clases,round_robin,3,1,0.8442,145.3
vertebral-column-3clases,cheap_rr,3,2,0.8571,81.3
vertebral-column-3clases,bandit,3,2,0.8571,50.7
vertebral-column-3clases,round_robin,3,2,0.8182,145.3
arrhythmia,cheap_rr,0,0,0.7788,83.3
arrhythmia,bandit,0,0,0.7788,56.5
arrhythmia,round_robin,0,0,0.7965,147.0
arrhythmia,cheap_rr,0,1,0.7257,83.3
arrhythmia,bandit,0,1,0.7345,56.5
arrhythmia,round_robin,0,1,0.7434,147.0
arrhythmia,cheap_rr,0,2,0.7699,83.3
arrhythmia,bandit,0,2,0.7611,56.2
arrhythmia,round_robin,0,2,0.7522,147.0
arrhythmia,cheap_rr,1,0,0.7876,83.2
arrhythmia,bandit,1,0,0.7699,55.6
arrhythmia,round_robin,1,0,0.7788,146.9
arrhythmia,cheap_rr,1,1,0.7699,83.2
arrhythmia,bandit,1,1,0.7876,56.0
arrhythmia,round_robin,1,1,0.7699,146.9
arrhythmia,cheap_rr,1,2,0.7434,83.2
arrhythmia,bandit,1,2,0.7257,56.0
arrhythmia,round_robin,1,2,0.7522,146.9
arrhythmia,cheap_rr,2,0,0.7434,83.3
arrhythmia,bandit,2,0,0.7699,57.2
arrhythmia,round_robin,2,0,0.7522,147.0
arrhythmia,cheap_rr,2,1,0.7611,83.3
arrhythmia,bandit,2,1,0.7876,56.5
arrhythmia,round_robin,2,1,0.7699,147.0
arrhythmia,cheap_rr,2,2,0.7611,83.3
arrhythmia,bandit,2,2,0.7611,56.0
arrhythmia,round_robin,2,2,0.7345,147.0
arrhythmia,cheap_rr,3,0,0.7699,83.3
arrhythmia,bandit,3,0,0.7611,56.7
arrhythmia,round_robin,3,0,0.7699,147.0
arrhythmia,cheap_rr,3,1,0.7699,83.3
arrhythmia,bandit,3,1,0.7611,56.9
arrhythmia,round_robin,3,1,0.7876,147.0
arrhythmia,cheap_rr,3,2,0.7611,83.3
arrhythmia,bandit,3,2,0.7522,57.7
arrhythmia,round_robin,3,2,0.7699,147.0
libras,cheap_rr,0,0,0.8194,84.9
libras,bandit,0,0,0.8472,64.5
libras,round_robin,0,0,0.8472,148.4
libras,cheap_rr,0,1,0.8194,84.9
libras,bandit,0,1,0.8611,63.0
libras,round_robin,0,1,0.8333,148.4
libras,cheap_rr,0,2,0.8194,84.9
libras,bandit,0,2,0.8889,62.9
libras,round_robin,0,2,0.8472,148.4
libras,cheap_rr,1,0,0.7917,84.9
libras,bandit,1,0,0.8056,64.3
libras,round_robin,1,0,0.7778,148.4
libras,cheap_rr,1,1,0.7778,84.9
libras,bandit,1,1,0.8056,62.9
libras,round_robin,1,1,0.7778,148.4
libras,cheap_rr,1,2,0.7222,84.9
libras,bandit,1,2,0.7917,63.4
libras,round_robin,1,2,0.7083,148.4
libras,cheap_rr,2,0,0.8611,84.7
libras,bandit,2,0,0.8056,63.2
libras,round_robin,2,0,0.8333,148.2
libras,cheap_rr,2,1,0.7917,84.7
libras,bandit,2,1,0.7778,61.8
libras,round_robin,2,1,0.7917,148.2
libras,cheap_rr,2,2,0.7222,84.7
libras,bandit,2,2,0.7222,63.8
libras,round_robin,2,2,0.7361,148.2
libras,cheap_rr,3,0,0.8194,85.1
libras,bandit,3,0,0.7778,64.6
libras,round_robin,3,0,0.7917,148.5
libras,cheap_rr,3,1,0.7917,85.1
libras,bandit,3,1,0.7917,64.7
libras,round_robin,3,1,0.7778,148.5
libras,cheap_rr,3,2,0.8194,85.1
libras,bandit,3,2,0.7361,64.4
libras,round_robin,3,2,0.7639,148.5
plant-shape,cheap_rr,0,0,0.5406,85.5
plant-shape,bandit,0,0,0.5375,65.6
plant-shape,round_robin,0,0,0.5031,148.9
plant-shape,cheap_rr,0,1,0.5281,85.5
plant-shape,bandit,0,1,0.5281,65.6
plant-shape,round_robin,0,1,0.5094,148.9
plant-shape,cheap_rr,0,2,0.5281,85.5
plant-shape,bandit,0,2,0.5281,66.4
plant-shape,round_robin,0,2,0.5219,148.9
plant-shape,cheap_rr,1,0,0.5281,85.5
plant-shape,bandit,1,0,0.5469,65.9
plant-shape,round_robin,1,0,0.5281,148.9
plant-shape,cheap_rr,1,1,0.5156,85.5
plant-shape,bandit,1,1,0.5188,65.2
plant-shape,round_robin,1,1,0.5,148.9
plant-shape,cheap_rr,1,2,0.5156,85.5
plant-shape,bandit,1,2,0.5406,65.1
plant-shape,round_robin,1,2,0.5125,148.9
plant-shape,cheap_rr,2,0,0.5625,85.5
plant-shape,bandit,2,0,0.5719,65.0
plant-shape,round_robin,2,0,0.575,148.9
plant-shape,cheap_rr,2,1,0.5375,85.5
plant-shape,bandit,2,1,0.5531,65.9
plant-shape,round_robin,2,1,0.5188,148.9
plant-shape,cheap_rr,2,2,0.5531,85.5
plant-shape,bandit,2,2,0.5906,65.9
plant-shape,round_robin,2,2,0.5656,148.9
plant-shape,cheap_rr,3,0,0.5938,85.5
plant-shape,bandit,3,0,0.6062,66.6
plant-shape,round_robin,3,0,0.5938,148.9
plant-shape,cheap_rr,3,1,0.6156,85.5
plant-shape,bandit,3,1,0.6344,65.6
plant-shape,round_robin,3,1,0.6344,148.9
plant-shape,cheap_rr,3,2,0.5781,85.5
plant-shape,bandit,3,2,0.5875,65.9
plant-shape,round_robin,3,2,0.5844,148.9
plant-margin,cheap_rr,0,0,0.7344,83.6
plant-margin,bandit,0,0,0.7219,58.9
plant-margin,round_robin,0,0,0.7188,147.3
plant-margin,cheap_rr,0,1,0.7125,83.6
plant-margin,bandit,0,1,0.7156,60.1
plant-margin,round_robin,0,1,0.725,147.3
plant-margin,cheap_rr,0,2,0.7188,83.6
plant-margin,bandit,0,2,0.7281,60.3
plant-margin,round_robin,0,2,0.7281,147.3
plant-margin,cheap_rr,1,0,0.7344,83.6
plant-margin,bandit,1,0,0.7438,58.9
plant-margin,round_robin,1,0,0.7375,147.3
plant-margin,cheap_rr,1,1,0.6938,83.6
plant-margin,bandit,1,1,0.6969,58.9
plant-margin,round_robin,1,1,0.7,147.3
plant-margin,cheap_rr,1,2,0.6938,83.6
plant-margin,bandit,1,2,0.6969,59.8
plant-margin,round_robin,1,2,0.7156,147.3
plant-margin,cheap_rr,2,0,0.6844,83.6
plant-margin,bandit,2,0,0.6688,58.9
plant-margin,round_robin,2,0,0.6781,147.3
plant-margin,cheap_rr,2,1,0.7094,83.6
plant-margin,bandit,2,1,0.7094,58.9
plant-margin,round_robin,2,1,0.7125,147.3
plant-margin,cheap_rr,2,2,0.7312,83.6
plant-margin,bandit,2,2,0.725,58.9
plant-margin,round_robin,2,2,0.7344,147.3
plant-margin,cheap_rr,3,0,0.7438,83.6
plant-margin,bandit,3,0,0.7781,60.3
plant-margin,round_robin,3,0,0.7594,147.3
plant-margin,cheap_rr,3,1,0.725,83.6
plant-margin,bandit,3,1,0.7438,58.4
plant-margin,round_robin,3,1,0.7531,147.3
plant-margin,cheap_rr,3,2,0.7656,83.6
plant-margin,bandit,3,2,0.7594,58.9
plant-margin,round_robin,3,2,0.7688,147.3
plant-texture,cheap_rr,0,0,0.7719,83.6
plant-texture,bandit,0,0,0.7812,59.6
plant-texture,round_robin,0,0,0.7688,147.3
plant-texture,cheap_rr,0,1,0.75,83.6
plant-texture,bandit,0,1,0.7469,59.1
plant-texture,round_robin,0,1,0.75,147.3
plant-texture,cheap_rr,0,2,0.775,83.6
plant-texture,bandit,0,2,0.7594,59.1
plant-texture,round_robin,0,2,0.7688,147.3
plant-texture,cheap_rr,1,0,0.7406,83.3
plant-texture,bandit,1,0,0.7344,58.1
plant-texture,round_robin,1,0,0.75,147.0
plant-texture,cheap_rr,1,1,0.7375,83.3
plant-texture,bandit,1,1,0.7188,57.1
plant-texture,round_robin,1,1,0.7469,147.0
plant-texture,cheap_rr,1,2,0.7344,83.3
plant-texture,bandit,1,2,0.7562,57.3
plant-texture,round_robin,1,2,0.7312,147.0
plant-texture,cheap_rr,2,0,0.7281,83.6
plant-texture,bandit,2,0,0.7438,58.9
plant-texture,round_robin,2,0,0.7531,147.3
plant-texture,cheap_rr,2,1,0.7219,83.6
plant-texture,bandit,2,1,0.7219,59.8
plant-texture,round_robin,2,1,0.7156,147.3
plant-texture,cheap_rr,2,2,0.7031,83.6
plant-texture,bandit,2,2,0.7156,58.9
plant-texture,round_robin,2,2,0.7094,147.3
plant-texture,cheap_rr,3,0,0.7094,83.6
plant-texture,bandit,3,0,0.7125,58.4
plant-texture,round_robin,3,0,0.7188,147.3
plant-texture,cheap_rr,3,1,0.6906,83.6
plant-texture,bandit,3,1,0.6906,59.6
plant-texture,round_robin,3,1,0.7,147.3
plant-texture,cheap_rr,3,2,0.7281,83.6
plant-texture,bandit,3,2,0.7406,58.7
plant-texture,round_robin,3,2,0.7344,147.3
semeion,cheap_rr,0,0,0.9271,82.3
semeion,bandit,0,0,0.9296,52.7
semeion,round_robin,0,0,0.9372,146.2
semeion,cheap_rr,0,1,0.9322,82.3
semeion,bandit,0,1,0.9422,53.5
semeion,round_robin,0,1,0.9322,146.2
semeion,cheap_rr,0,2,0.9322,82.3
semeion,bandit,0,2,0.9296,53.7
semeion,round_robin,0,2,0.9322,146.2
semeion,cheap_rr,1,0,0.9171,82.4
semeion,bandit,1,0,0.9121,54.5
semeion,round_robin,1,0,0.9121,146.2
semeion,cheap_rr,1,1,0.9196,82.4
semeion,bandit,1,1,0.9271,53.7
semeion,round_robin,1,1,0.9146,146.2
semeion,cheap_rr,1,2,0.9095,82.4
semeion,bandit,1,2,0.9146,53.4
semeion,round_robin,1,2,0.9171,146.2
semeion,cheap_rr,2,0,0.9447,82.3
semeion,bandit,2,0,0.9472,53.5
semeion,round_robin,2,0,0.9447,146.2
semeion,cheap_rr,2,1,0.9372,82.3
semeion,bandit,2,1,0.9397,53.7
semeion,round_robin,2,1,0.9372,146.2
semeion,cheap_rr,2,2,0.9397,82.3
semeion,bandit,2,2,0.9372,53.5
semeion,round_robin,2,2,0.9372,146.2
semeion,cheap_rr,3,0,0.902,82.2
semeion,bandit,3,0,0.9146,52.4
semeion,round_robin,3,0,0.907,146.1
semeion,cheap_rr,3,1,0.9146,82.2
semeion,bandit,3,1,0.9196,52.7
semeion,round_robin,3,1,0.9121,146.1
semeion,cheap_rr,3,2,0.907,82.2
semeion,bandit,3,2,0.9121,52.7
semeion,round_robin,3,2,0.9095,146.1
musk-2,cheap_rr,0,0,0.9824,85.7
musk-2,bandit,0,0,0.9788,65.7
musk-2,round_robin,0,0,0.9836,149.1
musk-2,cheap_rr,0,1,0.98,85.7
musk-2,bandit,0,1,0.9782,66.2
musk-2,round_robin,0,1,0.9824,149.1
musk-2,cheap_rr,0,2,0.9806,85.7
musk-2,bandit,0,2,0.9782,65.6
musk-2,round_robin,0,2,0.9812,149.1
musk-2,cheap_rr,1,0,0.98,85.8
musk-2,bandit,1,0,0.9776,66.6
musk-2,round_robin,1,0,0.9818,149.2
musk-2,cheap_rr,1,1,0.9824,85.8
musk-2,bandit,1,1,0.9776,66.6
musk-2,round_robin,1,1,0.9861,149.2
musk-2,cheap_rr,1,2,0.9861,85.8
musk-2,bandit,1,2,0.9842,66.6
musk-2,round_robin,1,2,0.9867,149.2
musk-2,cheap_rr,2,0,0.9812,85.8
musk-2,bandit,2,0,0.977,66.5
musk-2,round_robin,2,0,0.9812,149.2
musk-2,cheap_rr,2,1,0.9806,85.8
musk-2,bandit,2,1,0.9733,66.6
musk-2,round_robin,2,1,0.9806,149.2
musk-2,cheap_rr,2,2,0.9794,85.8
musk-2,bandit,2,2,0.9788,66.6
musk-2,round_robin,2,2,0.9794,149.2
musk-2,cheap_rr,3,0,0.9854,85.8
musk-2,bandit,3,0,0.983,66.6
musk-2,round_robin,3,0,0.9867,149.2
musk-2,cheap_rr,3,1,0.9854,85.8
musk-2,bandit,3,1,0.9867,66.6
musk-2,round_robin,3,1,0.9879,149.2
musk-2,cheap_rr,3,2,0.9836,85.8
musk-2,bandit,3,2,0.9812,66.6
musk-2,round_robin,3,2,0.9848,149.2
pittsburg-bridges-MATERIAL,cheap_rr,0,0,0.9545,82.3
pittsburg-bridges-MATERIAL,bandit,0,0,0.9545,45.9
pittsburg-bridges-MATERIAL,round_robin,0,0,0.9545,146.1
pittsburg-bridges-MATERIAL,cheap_rr,0,1,0.9545,82.3
pittsburg-bridges-MATERIAL,bandit,0,1,0.9091,48.0
pittsburg-bridges-MATERIAL,round_robin,0,1,0.9545,146.1
pittsburg-bridges-MATERIAL,cheap_rr,0,2,0.9545,82.3
pittsburg-bridges-MATERIAL,bandit,0,2,0.9545,46.7
pittsburg-bridges-MATERIAL,round_robin,0,2,0.9545,146.1
pittsburg-bridges-MATERIAL,cheap_rr,1,0,0.8182,82.3
pittsburg-bridges-MATERIAL,bandit,1,0,0.8182,47.6
pittsburg-bridges-MATERIAL,round_robin,1,0,0.8182,146.1
pittsburg-bridges-MATERIAL,cheap_rr,1,1,0.9091,82.3
pittsburg-bridges-MATERIAL,bandit,1,1,0.8636,48.0
pittsburg-bridges-MATERIAL,round_robin,1,1,0.8636,146.1
pittsburg-bridges-MATERIAL,cheap_rr,1,2,0.8182,82.3
pittsburg-bridges-MATERIAL,bandit,1,2,0.8182,46.3
pittsburg-bridges-MATERIAL,round_robin,1,2,0.8182,146.1
pittsburg-bridges-MATERIAL,cheap_rr,2,0,0.8636,82.3
pittsburg-bridges-MATERIAL,bandit,2,0,0.8636,48.0
pittsburg-bridges-MATERIAL,round_robin,2,0,0.9091,146.1
pittsburg-bridges-MATERIAL,cheap_rr,2,1,0.8636,82.3
pittsburg-bridges-MATERIAL,bandit,2,1,0.8636,48.0
pittsburg-bridges-MATERIAL,round_robin,2,1,0.8636,146.1
pittsburg-bridges-MATERIAL,cheap_rr,2,2,0.8636,82.3
pittsburg-bridges-MATERIAL,bandit,2,2,0.8636,48.0
pittsburg-bridges-MATERIAL,round_robin,2,2,0.9091,146.1
pittsburg-bridges-MATERIAL,cheap_rr,3,0,0.8636,82.3
pittsburg-bridges-MATERIAL,bandit,3,0,0.8636,47.6
pittsburg-bridges-MATERIAL,round_robin,3,0,0.8636,146.1
pittsburg-bridges-MATERIAL,cheap_rr,3,1,0.8182,82.3
pittsburg-bridges-MATERIAL,bandit,3,1,0.8182,47.6
pittsburg-bridges-MATERIAL,round_robin,3,1,0.8636,146.1
pittsburg-bridges-MATERIAL,cheap_rr,3,2,0.8182,82.3
pittsburg-bridges-MATERIAL,bandit,3,2,0.8182,48.4
pittsburg-bridges-MATERIAL,round_robin,3,2,0.8636,146.1
pittsburg-bridges-TYPE,cheap_rr,0,0,0.5238,82.3
pittsburg-bridges-TYPE,bandit,0,0,0.619,46.7
pittsburg-bridges-TYPE,round_robin,0,0,0.5714,146.1
pittsburg-bridges-TYPE,cheap_rr,0,1,0.5714,82.3
pittsburg-bridges-TYPE,bandit,0,1,0.7143,48.0
pittsburg-bridges-TYPE,round_robin,0,1,0.619,146.1
pittsburg-bridges-TYPE,cheap_rr,0,2,0.6667,82.3
pittsburg-bridges-TYPE,bandit,0,2,0.619,49.3
pittsburg-bridges-TYPE,round_robin,0,2,0.5714,146.1
pittsburg-bridges-TYPE,cheap_rr,1,0,0.7143,82.3
pittsburg-bridges-TYPE,bandit,1,0,0.7143,49.7
pittsburg-bridges-TYPE,round_robin,1,0,0.7619,146.1
pittsburg-bridges-TYPE,cheap_rr,1,1,0.7143,82.3
pittsburg-bridges-TYPE,bandit,1,1,0.7143,48.4
pittsburg-bridges-TYPE,round_robin,1,1,0.6667,146.1
pittsburg-bridges-TYPE,cheap_rr,1,2,0.7143,82.3
pittsburg-bridges-TYPE,bandit,1,2,0.7143,46.7
pittsburg-bridges-TYPE,round_robin,1,2,0.7143,146.1
pittsburg-bridges-TYPE,cheap_rr,2,0,0.7143,82.3
pittsburg-bridges-TYPE,bandit,2,0,0.6667,48.4
pittsburg-bridges-TYPE,round_robin,2,0,0.619,146.1
pittsburg-bridges-TYPE,cheap_rr,2,1,0.5238,82.3
pittsburg-bridges-TYPE,bandit,2,1,0.5714,48.0
pittsburg-bridges-TYPE,round_robin,2,1,0.5714,146.1
pittsburg-bridges-TYPE,cheap_rr,2,2,0.6667,82.3
pittsburg-bridges-TYPE,bandit,2,2,0.6667,53.1
pittsburg-bridges-TYPE,round_robin,2,2,0.6667,146.1
pittsburg-bridges-TYPE,cheap_rr,3,0,0.619,82.3
pittsburg-bridges-TYPE,bandit,3,0,0.5714,51.4
pittsburg-bridges-TYPE,round_robin,3,0,0.6667,146.1
pittsburg-bridges-TYPE,cheap_rr,3,1,0.6667,82.3
pittsburg-bridges-TYPE,bandit,3,1,0.6667,46.7
pittsburg-bridges-TYPE,round_robin,3,1,0.6667,146.1
pittsburg-bridges-TYPE,cheap_rr,3,2,0.5238,82.3
pittsburg-bridges-TYPE,bandit,3,2,0.5238,46.7
pittsburg-bridges-TYPE,round_robin,3,2,0.6667,146.1
conn-bench-sonar-mines-rocks,cheap_rr,0,0,0.9038,82.0
conn-bench-sonar-mines-rocks,bandit,0,0,0.8269,52.7
conn-bench-sonar-mines-rocks,round_robin,0,0,0.8654,145.9
conn-bench-sonar-mines-rocks,cheap_rr,0,1,0.8654,82.0
conn-bench-sonar-mines-rocks,bandit,0,1,0.8269,49.6
conn-bench-sonar-mines-rocks,round_robin,0,1,0.7885,145.9
conn-bench-sonar-mines-rocks,cheap_rr,0,2,0.8462,82.0
conn-bench-sonar-mines-rocks,bandit,0,2,0.8462,54.1
conn-bench-sonar-mines-rocks,round_robin,0,2,0.8269,145.9
conn-bench-sonar-mines-rocks,cheap_rr,1,0,0.75,81.7
conn-bench-sonar-mines-rocks,bandit,1,0,0.7115,49.0
conn-bench-sonar-mines-rocks,round_robin,1,0,0.7885,145.6
conn-bench-sonar-mines-rocks,cheap_rr,1,1,0.7115,81.7
conn-bench-sonar-mines-rocks,bandit,1,1,0.6731,48.7
conn-bench-sonar-mines-rocks,round_robin,1,1,0.7308,145.6
conn-bench-sonar-mines-rocks,cheap_rr,1,2,0.7308,81.7
conn-bench-sonar-mines-rocks,bandit,1,2,0.7308,48.3
conn-bench-sonar-mines-rocks,round_robin,1,2,0.7692,145.6
conn-bench-sonar-mines-rocks,cheap_rr,2,0,0.8077,82.0
conn-bench-sonar-mines-rocks,bandit,2,0,0.7692,50.7
conn-bench-sonar-mines-rocks,round_robin,2,0,0.7885,145.9
conn-bench-sonar-mines-rocks,cheap_rr,2,1,0.8269,82.0
conn-bench-sonar-mines-rocks,bandit,2,1,0.8269,49.1
conn-bench-sonar-mines-rocks,round_robin,2,1,0.8462,145.9
conn-bench-sonar-mines-rocks,cheap_rr,2,2,0.8654,82.0
conn-bench-sonar-mines-rocks,bandit,2,2,0.8269,52.0
conn-bench-sonar-mines-rocks,round_robin,2,2,0.8269,145.9
conn-bench-sonar-mines-rocks,cheap_rr,3,0,0.7885,81.7
conn-bench-sonar-mines-rocks,bandit,3,0,0.7308,50.8
conn-bench-sonar-mines-rocks,round_robin,3,0,0.6923,145.6
conn-bench-sonar-mines-rocks,cheap_rr,3,1,0.8077,81.7
conn-bench-sonar-mines-rocks,bandit,3,1,0.7885,48.7
conn-bench-sonar-mines-rocks,round_robin,3,1,0.7885,145.6
conn-bench-sonar-mines-rocks,cheap_rr,3,2,0.8269,81.7
conn-bench-sonar-mines-rocks,bandit,3,2,0.7692,46.9
conn-bench-sonar-mines-rocks,round_robin,3,2,0.7692,145.6
