dataset,fold,phase,fe,count
hill-valley,0,early,identity,1
hill-valley,0,early,autofeat,6
hill-valley,0,early,random_proj,2
hill-valley,0,early,ht_svd,25
hill-valley,0,early,robust,0
hill-valley,0,early,minmax,0
hill-valley,0,mid,identity,10
hill-valley,0,mid,autofeat,11
hill-valley,0,mid,random_proj,5
hill-valley,0,mid,ht_svd,7
hill-valley,0,mid,robust,0
hill-valley,0,mid,minmax,0
hill-valley,0,late,identity,11
hill-valley,0,late,autofeat,16
hill-valley,0,late,random_proj,3
hill-valley,0,late,ht_svd,3
hill-valley,0,late,robust,0
hill-valley,0,late,minmax,0
hill-valley,1,early,identity,3
hill-valley,1,early,autofeat,0
hill-valley,1,early,random_proj,15
hill-valley,1,early,ht_svd,16
hill-valley,1,early,robust,0
hill-valley,1,early,minmax,0
hill-valley,1,mid,identity,2
hill-valley,1,mid,autofeat,11
hill-valley,1,mid,random_proj,19
hill-valley,1,mid,ht_svd,1
hill-valley,1,mid,robust,0
hill-valley,1,mid,minmax,0
hill-valley,1,late,identity,11
hill-valley,1,late,autofeat,3
hill-valley,1,late,random_proj,18
hill-valley,1,late,ht_svd,1
hill-valley,1,late,robust,0
hill-valley,1,late,minmax,0
hill-valley,2,early,identity,3
hill-valley,2,early,autofeat,4
hill-valley,2,early,random_proj,9
hill-valley,2,early,ht_svd,18
hill-valley,2,early,robust,0
hill-valley,2,early,minmax,0
hill-valley,2,mid,identity,7
hill-valley,2,mid,autofeat,10
hill-valley,2,mid,random_proj,14
hill-valley,2,mid,ht_svd,2
hill-valley,2,mid,robust,0
hill-valley,2,mid,minmax,0
hill-valley,2,late,identity,11
hill-valley,2,late,autofeat,7
hill-valley,2,late,random_proj,11
hill-valley,2,late,ht_svd,4
hill-valley,2,late,robust,0
hill-valley,2,late,minmax,0
hill-valley,3,early,identity,0
hill-valley,3,early,autofeat,1
hill-valley,3,early,random_proj,9
hill-valley,3,early,ht_svd,24
hill-valley,3,early,robust,0
hill-valley,3,early,minmax,0
hill-valley,3,mid,identity,4
hill-valley,3,mid,autofeat,4
hill-valley,3,mid,random_proj,10
hill-valley,3,mid,ht_svd,15
hill-valley,3,mid,robust,0
hill-valley,3,mid,minmax,0
hill-valley,3,late,identity,9
hill-valley,3,late,autofeat,14
hill-valley,3,late,random_proj,7
hill-valley,3,late,ht_svd,3
hill-valley,3,late,robust,0
hill-valley,3,late,minmax,0
statlog-image,0,early,identity,16
statlog-image,0,early,autofeat,12
statlog-image,0,early,random_proj,2
statlog-image,0,early,ht_svd,4
statlog-image,0,early,robust,0
statlog-image,0,early,minmax,0
statlog-image,0,mid,identity,5
statlog-image,0,mid,autofeat,18
statlog-image,0,mid,random_proj,4
statlog-image,0,mid,ht_svd,6
statlog-image,0,mid,robust,0
statlog-image,0,mid,minmax,0
statlog-image,0,late,identity,0
statlog-image,0,late,autofeat,1
statlog-image,0,late,random_proj,11
statlog-image,0,late,ht_svd,21
statlog-image,0,late,robust,0
statlog-image,0,late,minmax,0
statlog-image,1,early,identity,10
statlog-image,1,early,autofeat,21
statlog-image,1,early,random_proj,2
statlog-image,1,early,ht_svd,1
statlog-image,1,early,robust,0
statlog-image,1,early,minmax,0
statlog-image,1,mid,identity,1
statlog-image,1,mid,autofeat,5
statlog-image,1,mid,random_proj,4
statlog-image,1,mid,ht_svd,23
statlog-image,1,mid,robust,0
statlog-image,1,mid,minmax,0
statlog-image,1,late,identity,3
statlog-image,1,late,autofeat,4
statlog-image,1,late,random_proj,11
statlog-image,1,late,ht_svd,15
statlog-image,1,late,robust,0
statlog-image,1,late,minmax,0
statlog-image,2,early,identity,16
statlog-image,2,early,autofeat,7
statlog-image,2,early,random_proj,5
statlog-image,2,early,ht_svd,6
statlog-image,2,early,robust,0
statlog-image,2,early,minmax,0
statlog-image,2,mid,identity,4
statlog-image,2,mid,autofeat,7
statlog-image,2,mid,random_proj,10
statlog-image,2,mid,ht_svd,12
statlog-image,2,mid,robust,0
statlog-image,2,mid,minmax,0
statlog-image,2,late,identity,4
statlog-image,2,late,autofeat,1
statlog-image,2,late,random_proj,2
statlog-image,2,late,ht_svd,26
statlog-image,2,late,robust,0
statlog-image,2,late,minmax,0
statlog-image,3,early,identity,16
statlog-image,3,early,autofeat,16
statlog-image,3,early,random_proj,2
statlog-image,3,early,ht_svd,0
statlog-image,3,early,robust,0
statlog-image,3,early,minmax,0
statlog-image,3,mid,identity,8
statlog-image,3,mid,autofeat,4
statlog-image,3,mid,random_proj,2
statlog-image,3,mid,ht_svd,19
statlog-image,3,mid,robust,0
statlog-image,3,mid,minmax,0
statlog-image,3,late,identity,4
statlog-image,3,late,autofeat,2
statlog-image,3,late,random_proj,3
statlog-image,3,late,ht_svd,24
statlog-image,3,late,robust,0
statlog-image,3,late,minmax,0
molec-biol-promoter,0,early,identity,11
molec-biol-promoter,0,early,autofeat,15
molec-biol-promoter,0,early,random_proj,4
molec-biol-promoter,0,early,ht_svd,4
molec-biol-promoter,0,early,robust,0
molec-biol-promoter,0,early,minmax,0
molec-biol-promoter,0,mid,identity,8
molec-biol-promoter,0,mid,autofeat,9
molec-biol-promoter,0,mid,random_proj,5
molec-biol-promoter,0,mid,ht_svd,11
molec-biol-promoter,0,mid,robust,0
molec-biol-promoter,0,mid,minmax,0
molec-biol-promoter,0,late,identity,24
molec-biol-promoter,0,late,autofeat,2
molec-biol-promoter,0,late,random_proj,0
molec-biol-promoter,0,late,ht_svd,7
molec-biol-promoter,0,late,robust,0
molec-biol-promoter,0,late,minmax,0
molec-biol-promoter,1,early,identity,15
molec-biol-promoter,1,early,autofeat,10
molec-biol-promoter,1,early,random_proj,8
molec-biol-promoter,1,early,ht_svd,1
molec-biol-promoter,1,early,robust,0
molec-biol-promoter,1,early,minmax,0
molec-biol-promoter,1,mid,identity,22
molec-biol-promoter,1,mid,autofeat,4
molec-biol-promoter,1,mid,random_proj,3
molec-biol-promoter,1,mid,ht_svd,4
molec-biol-promoter,1,mid,robust,0
molec-biol-promoter,1,mid,minmax,0
molec-biol-promoter,1,late,identity,33
molec-biol-promoter,1,late,autofeat,0
molec-biol-promoter,1,late,random_proj,0
molec-biol-promoter,1,late,ht_svd,0
molec-biol-promoter,1,late,robust,0
molec-biol-promoter,1,late,minmax,0
molec-biol-promoter,2,early,identity,7
molec-biol-promoter,2,early,autofeat,18
molec-biol-promoter,2,early,random_proj,3
molec-biol-promoter,2,early,ht_svd,6
molec-biol-promoter,2,early,robust,0
molec-biol-promoter,2,early,minmax,0
molec-biol-promoter,2,mid,identity,4
molec-biol-promoter,2,mid,autofeat,4
molec-biol-promoter,2,mid,random_proj,0
molec-biol-promoter,2,mid,ht_svd,25
molec-biol-promoter,2,mid,robust,0
molec-biol-promoter,2,mid,minmax,0
molec-biol-promoter,2,late,identity,23
molec-biol-promoter,2,late,autofeat,6
molec-biol-promoter,2,late,random_proj,0
molec-biol-promoter,2,late,ht_svd,4
molec-biol-promoter,2,late,robust,0
molec-biol-promoter,2,late,minmax,0
molec-biol-promoter,3,early,identity,6
molec-biol-promoter,3,early,autofeat,11
molec-biol-promoter,3,early,random_proj,13
molec-biol-promoter,3,early,ht_svd,4
molec-biol-promoter,3,early,robust,0
molec-biol-promoter,3,early,minmax,0
molec-biol-promoter,3,mid,identity,1
molec-biol-promoter,3,mid,autofeat,2
molec-biol-promoter,3,mid,random_proj,9
molec-biol-promoter,3,mid,ht_svd,21
molec-biol-promoter,3,mid,robust,0
molec-biol-promoter,3,mid,minmax,0
molec-biol-promoter,3,late,identity,0
molec-biol-promoter,3,late,autofeat,0
molec-biol-promoter,3,late,random_proj,4
molec-biol-promoter,3,late,ht_svd,29
molec-biol-promoter,3,late,robust,0
molec-biol-promoter,3,late,minmax,0
monks-3,0,early,identity,21
monks-3,0,early,autofeat,0
monks-3,0,early,random_proj,4
monks-3,0,early,ht_svd,9
monks-3,0,early,robust,0
monks-3,0,early,minmax,0
monks-3,0,mid,identity,15
monks-3,0,mid,autofeat,0
monks-3,0,mid,random_proj,17
monks-3,0,mid,ht_svd,1
monks-3,0,mid,robust,0
monks-3,0,mid,minmax,0
monks-3,0,late,identity,21
monks-3,0,late,autofeat,0
monks-3,0,late,random_proj,11
monks-3,0,late,ht_svd,1
monks-3,0,late,robust,0
monks-3,0,late,minmax,0
monks-3,1,early,identity,31
monks-3,1,early,autofeat,0
monks-3,1,early,random_proj,2
monks-3,1,early,ht_svd,1
monks-3,1,early,robust,0
monks-3,1,early,minmax,0
monks-3,1,mid,identity,29
monks-3,1,mid,autofeat,0
monks-3,1,mid,random_proj,0
monks-3,1,mid,ht_svd,4
monks-3,1,mid,robust,0
monks-3,1,mid,minmax,0
monks-3,1,late,identity,29
monks-3,1,late,autofeat,0
monks-3,1,late,random_proj,0
monks-3,1,late,ht_svd,4
monks-3,1,late,robust,0
monks-3,1,late,minmax,0
monks-3,2,early,identity,7
monks-3,2,early,autofeat,0
monks-3,2,early,random_proj,17
monks-3,2,early,ht_svd,10
monks-3,2,early,robust,0
monks-3,2,early,minmax,0
monks-3,2,mid,identity,0
monks-3,2,mid,autofeat,0
monks-3,2,mid,random_proj,29
monks-3,2,mid,ht_svd,4
monks-3,2,mid,robust,0
monks-3,2,mid,minmax,0
monks-3,2,late,identity,0
monks-3,2,late,autofeat,0
monks-3,2,late,random_proj,23
monks-3,2,late,ht_svd,10
monks-3,2,late,robust,0
monks-3,2,late,minmax,0
monks-3,3,early,identity,32
monks-3,3,early,autofeat,0
monks-3,3,early,random_proj,2
monks-3,3,early,ht_svd,0
monks-3,3,early,robust,0
monks-3,3,early,minmax,0
monks-3,3,mid,identity,30
monks-3,3,mid,autofeat,0
monks-3,3,mid,random_proj,3
monks-3,3,mid,ht_svd,0
monks-3,3,mid,robust,0
monks-3,3,mid,minmax,0
monks-3,3,late,identity,27
monks-3,3,late,autofeat,0
monks-3,3,late,random_proj,6
monks-3,3,late,ht_svd,0
monks-3,3,late,robust,0
monks-3,3,late,minmax,0
vertebral-column-3clases,0,early,identity,7
vertebral-column-3clases,0,early,autofeat,8
vertebral-column-3clases,0,early,random_proj,4
vertebral-column-3clases,0,early,ht_svd,15
vertebral-column-3clases,0,early,robust,0
vertebral-column-3clases,0,early,minmax,0
vertebral-column-3clases,0,mid,identity,3
vertebral-column-3clases,0,mid,autofeat,3
vertebral-column-3clases,0,mid,random_proj,1
vertebral-column-3clases,0,mid,ht_svd,26
vertebral-column-3clases,0,mid,robust,0
vertebral-column-3clases,0,mid,minmax,0
vertebral-column-3clases,0,late,identity,4
vertebral-column-3clases,0,late,autofeat,2
vertebral-column-3clases,0,late,random_proj,3
vertebral-column-3clases,0,late,ht_svd,24
vertebral-column-3clases,0,late,robust,0
vertebral-column-3clases,0,late,minmax,0
vertebral-column-3clases,1,early,identity,4
vertebral-column-3clases,1,early,autofeat,3
vertebral-column-3clases,1,early,random_proj,14
vertebral-column-3clases,1,early,ht_svd,13
vertebral-column-3clases,1,early,robust,0
vertebral-column-3clases,1,early,minmax,0
vertebral-column-3clases,1,mid,identity,0
vertebral-column-3clases,1,mid,autofeat,4
vertebral-column-3clases,1,mid,random_proj,16
vertebral-column-3clases,1,mid,ht_svd,13
vertebral-column-3clases,1,mid,robust,0
vertebral-column-3clases,1,mid,minmax,0
vertebral-column-3clases,1,late,identity,6
vertebral-column-3clases,1,late,autofeat,8
vertebral-column-3clases,1,late,random_proj,5
vertebral-column-3clases,1,late,ht_svd,14
vertebral-column-3clases,1,late,robust,0
vertebral-column-3clases,1,late,minmax,0
vertebral-column-3clases,2,early,identity,7
vertebral-column-3clases,2,early,autofeat,8
vertebral-column-3clases,2,early,random_proj,9
vertebral-column-3clases,2,early,ht_svd,10
vertebral-column-3clases,2,early,robust,0
vertebral-column-3clases,2,early,minmax,0
vertebral-column-3clases,2,mid,identity,0
vertebral-column-3clases,2,mid,autofeat,0
vertebral-column-3clases,2,mid,random_proj,1
vertebral-column-3clases,2,mid,ht_svd,32
vertebral-column-3clases,2,mid,robust,0
vertebral-column-3clases,2,mid,minmax,0
vertebral-column-3clases,2,late,identity,0
vertebral-column-3clases,2,late,autofeat,2
vertebral-column-3clases,2,late,random_proj,1
vertebral-column-3clases,2,late,ht_svd,30
vertebral-column-3clases,2,late,robust,0
vertebral-column-3clases,2,late,minmax,0
vertebral-column-3clases,3,early,identity,5
vertebral-column-3clases,3,early,autofeat,1
vertebral-column-3clases,3,early,random_proj,21
vertebral-column-3clases,3,early,ht_svd,7
vertebral-column-3clases,3,early,robust,0
vertebral-column-3clases,3,early,minmax,0
vertebral-column-3clases,3,mid,identity,1
vertebral-column-3clases,3,mid,autofeat,1
vertebral-column-3clases,3,mid,random_proj,2
vertebral-column-3clases,3,mid,ht_svd,29
vertebral-column-3clases,3,mid,robust,0
vertebral-column-3clases,3,mid,minmax,0
vertebral-column-3clases,3,late,identity,2
vertebral-column-3clases,3,late,autofeat,1
vertebral-column-3clases,3,late,random_proj,5
vertebral-column-3clases,3,late,ht_svd,25
vertebral-column-3clases,3,late,robust,0
vertebral-column-3clases,3,late,minmax,0
arrhythmia,0,early,identity,12
arrhythmia,0,early,autofeat,11
arrhythmia,0,early,random_proj,6
arrhythmia,0,early,ht_svd,5
arrhythmia,0,early,robust,0
arrhythmia,0,early,minmax,0
arrhythmia,0,mid,identity,5
arrhythmia,0,mid,autofeat,11
arrhythmia,0,mid,random_proj,6
arrhythmia,0,mid,ht_svd,11
arrhythmia,0,mid,robust,0
arrhythmia,0,mid,minmax,0
arrhythmia,0,late,identity,10
arrhythmia,0,late,autofeat,8
arrhythmia,0,late,random_proj,10
arrhythmia,0,late,ht_svd,5
arrhythmia,0,late,robust,0
arrhythmia,0,late,minmax,0
arrhythmia,1,early,identity,4
arrhythmia,1,early,autofeat,12
arrhythmia,1,early,random_proj,10
arrhythmia,1,early,ht_svd,8
arrhythmia,1,early,robust,0
arrhythmia,1,early,minmax,0
arrhythmia,1,mid,identity,1
arrhythmia,1,mid,autofeat,17
arrhythmia,1,mid,random_proj,12
arrhythmia,1,mid,ht_svd,3
arrhythmia,1,mid,robust,0
arrhythmia,1,mid,minmax,0
arrhythmia,1,late,identity,3
arrhythmia,1,late,autofeat,14
arrhythmia,1,late,random_proj,10
arrhythmia,1,late,ht_svd,6
arrhythmia,1,late,robust,0
arrhythmia,1,late,minmax,0
arrhythmia,2,early,identity,16
arrhythmia,2,early,autofeat,8
arrhythmia,2,early,random_proj,8
arrhythmia,2,early,ht_svd,2
arrhythmia,2,early,robust,0
arrhythmia,2,early,minmax,0
arrhythmia,2,mid,identity,5
arrhythmia,2,mid,autofeat,4
arrhythmia,2,mid,random_proj,15
arrhythmia,2,mid,ht_svd,9
arrhythmia,2,mid,robust,0
arrhythmia,2,mid,minmax,0
arrhythmia,2,late,identity,11
arrhythmia,2,late,autofeat,0
arrhythmia,2,late,random_proj,9
arrhythmia,2,late,ht_svd,13
arrhythmia,2,late,robust,0
arrhythmia,2,late,minmax,0
arrhythmia,3,early,identity,12
arrhythmia,3,early,autofeat,11
arrhythmia,3,early,random_proj,8
arrhythmia,3,early,ht_svd,3
arrhythmia,3,early,robust,0
arrhythmia,3,early,minmax,0
arrhythmia,3,mid,identity,12
arrhythmia,3,mid,autofeat,6
arrhythmia,3,mid,random_proj,11
arrhythmia,3,mid,ht_svd,4
arrhythmia,3,mid,robust,0
arrhythmia,3,mid,minmax,0
arrhythmia,3,late,identity,12
arrhythmia,3,late,autofeat,6
arrhythmia,3,late,random_proj,9
arrhythmia,3,late,ht_svd,6
arrhythmia,3,late,robust,0
arrhythmia,3,late,minmax,0
libras,0,early,identity,3
libras,0,early,autofeat,5
libras,0,early,random_proj,15
libras,0,early,ht_svd,11
libras,0,early,robust,0
libras,0,early,minmax,0
libras,0,mid,identity,6
libras,0,mid,autofeat,13
libras,0,mid,random_proj,2
libras,0,mid,ht_svd,12
libras,0,mid,robust,0
libras,0,mid,minmax,0
libras,0,late,identity,19
libras,0,late,autofeat,9
libras,0,late,random_proj,0
libras,0,late,ht_svd,5
libras,0,late,robust,0
libras,0,late,minmax,0
libras,1,early,identity,7
libras,1,early,autofeat,5
libras,1,early,random_proj,11
libras,1,early,ht_svd,11
libras,1,early,robust,0
libras,1,early,minmax,0
libras,1,mid,identity,7
libras,1,mid,autofeat,9
libras,1,mid,random_proj,6
libras,1,mid,ht_svd,11
libras,1,mid,robust,0
libras,1,mid,minmax,0
libras,1,late,identity,19
libras,1,late,autofeat,6
libras,1,late,random_proj,3
libras,1,late,ht_svd,5
libras,1,late,robust,0
libras,1,late,minmax,0
libras,2,early,identity,10
libras,2,early,autofeat,5
libras,2,early,random_proj,9
libras,2,early,ht_svd,10
libras,2,early,robust,0
libras,2,early,minmax,0
libras,2,mid,identity,7
libras,2,mid,autofeat,13
libras,2,mid,random_proj,4
libras,2,mid,ht_svd,9
libras,2,mid,robust,0
libras,2,mid,minmax,0
libras,2,late,identity,24
libras,2,late,autofeat,2
libras,2,late,random_proj,2
libras,2,late,ht_svd,5
libras,2,late,robust,0
libras,2,late,minmax,0
libras,3,early,identity,1
libras,3,early,autofeat,5
libras,3,early,random_proj,10
libras,3,early,ht_svd,18
libras,3,early,robust,0
libras,3,early,minmax,0
libras,3,mid,identity,2
libras,3,mid,autofeat,6
libras,3,mid,random_proj,9
libras,3,mid,ht_svd,16
libras,3,mid,robust,0
libras,3,mid,minmax,0
libras,3,late,identity,19
libras,3,late,autofeat,4
libras,3,late,random_proj,5
libras,3,late,ht_svd,5
libras,3,late,robust,0
libras,3,late,minmax,0
semeion,0,early,identity,14
semeion,0,early,autofeat,0
semeion,0,early,random_proj,5
semeion,0,early,ht_svd,15
semeion,0,early,robust,0
semeion,0,early,minmax,0
semeion,0,mid,identity,8
semeion,0,mid,autofeat,0
semeion,0,mid,random_proj,5
semeion,0,mid,ht_svd,20
semeion,0,mid,robust,0
semeion,0,mid,minmax,0
semeion,0,late,identity,10
semeion,0,late,autofeat,0
semeion,0,late,random_proj,16
semeion,0,late,ht_svd,7
semeion,0,late,robust,0
semeion,0,late,minmax,0
semeion,1,early,identity,13
semeion,1,early,autofeat,0
semeion,1,early,random_proj,6
semeion,1,early,ht_svd,15
semeion,1,early,robust,0
semeion,1,early,minmax,0
semeion,1,mid,identity,19
semeion,1,mid,autofeat,0
semeion,1,mid,random_proj,7
semeion,1,mid,ht_svd,7
semeion,1,mid,robust,0
semeion,1,mid,minmax,0
semeion,1,late,identity,12
semeion,1,late,autofeat,0
semeion,1,late,random_proj,15
semeion,1,late,ht_svd,6
semeion,1,late,robust,0
semeion,1,late,minmax,0
semeion,2,early,identity,17
semeion,2,early,autofeat,0
semeion,2,early,random_proj,5
semeion,2,early,ht_svd,12
semeion,2,early,robust,0
semeion,2,early,minmax,0
semeion,2,mid,identity,10
semeion,2,mid,autofeat,0
semeion,2,mid,random_proj,12
semeion,2,mid,ht_svd,11
semeion,2,mid,robust,0
semeion,2,mid,minmax,0
semeion,2,late,identity,9
semeion,2,late,autofeat,0
semeion,2,late,random_proj,18
semeion,2,late,ht_svd,6
semeion,2,late,robust,0
semeion,2,late,minmax,0
semeion,3,early,identity,16
semeion,3,early,autofeat,0
semeion,3,early,random_proj,4
semeion,3,early,ht_svd,14
semeion,3,early,robust,0
semeion,3,early,minmax,0
semeion,3,mid,identity,6
semeion,3,mid,autofeat,0
semeion,3,mid,random_proj,7
semeion,3,mid,ht_svd,20
semeion,3,mid,robust,0
semeion,3,mid,minmax,0
semeion,3,late,identity,8
semeion,3,late,autofeat,0
semeion,3,late,random_proj,15
semeion,3,late,ht_svd,10
semeion,3,late,robust,0
semeion,3,late,minmax,0
musk-2,0,early,identity,10
musk-2,0,early,autofeat,12
musk-2,0,early,random_proj,4
musk-2,0,early,ht_svd,8
musk-2,0,early,robust,0
musk-2,0,early,minmax,0
musk-2,0,mid,identity,12
musk-2,0,mid,autofeat,6
musk-2,0,mid,random_proj,8
musk-2,0,mid,ht_svd,7
musk-2,0,mid,robust,0
musk-2,0,mid,minmax,0
musk-2,0,late,identity,1
musk-2,0,late,autofeat,11
musk-2,0,late,random_proj,6
musk-2,0,late,ht_svd,15
musk-2,0,late,robust,0
musk-2,0,late,minmax,0
musk-2,1,early,identity,7
musk-2,1,early,autofeat,14
musk-2,1,early,random_proj,10
musk-2,1,early,ht_svd,3
musk-2,1,early,robust,0
musk-2,1,early,minmax,0
musk-2,1,mid,identity,8
musk-2,1,mid,autofeat,13
musk-2,1,mid,random_proj,9
musk-2,1,mid,ht_svd,3
musk-2,1,mid,robust,0
musk-2,1,mid,minmax,0
musk-2,1,late,identity,1
musk-2,1,late,autofeat,7
musk-2,1,late,random_proj,22
musk-2,1,late,ht_svd,3
musk-2,1,late,robust,0
musk-2,1,late,minmax,0
musk-2,2,early,identity,10
musk-2,2,early,autofeat,16
musk-2,2,early,random_proj,6
musk-2,2,early,ht_svd,2
musk-2,2,early,robust,0
musk-2,2,early,minmax,0
musk-2,2,mid,identity,12
musk-2,2,mid,autofeat,9
musk-2,2,mid,random_proj,7
musk-2,2,mid,ht_svd,5
musk-2,2,mid,robust,0
musk-2,2,mid,minmax,0
musk-2,2,late,identity,13
musk-2,2,late,autofeat,11
musk-2,2,late,random_proj,8
musk-2,2,late,ht_svd,1
musk-2,2,late,robust,0
musk-2,2,late,minmax,0
musk-2,3,early,identity,7
musk-2,3,early,autofeat,19
musk-2,3,early,random_proj,2
musk-2,3,early,ht_svd,6
musk-2,3,early,robust,0
musk-2,3,early,minmax,0
musk-2,3,mid,identity,3
musk-2,3,mid,autofeat,11
musk-2,3,mid,random_proj,5
musk-2,3,mid,ht_svd,14
musk-2,3,mid,robust,0
musk-2,3,mid,minmax,0
musk-2,3,late,identity,5
musk-2,3,late,autofeat,14
musk-2,3,late,random_proj,6
musk-2,3,late,ht_svd,8
musk-2,3,late,robust,0
musk-2,3,late,minmax,0
pittsburg-bridges-MATERIAL,0,early,identity,10
pittsburg-bridges-MATERIAL,0,early,autofeat,3
pittsburg-bridges-MATERIAL,0,early,random_proj,19
pittsburg-bridges-MATERIAL,0,early,ht_svd,2
pittsburg-bridges-MATERIAL,0,early,robust,0
pittsburg-bridges-MATERIAL,0,early,minmax,0
pittsburg-bridges-MATERIAL,0,mid,identity,13
pittsburg-bridges-MATERIAL,0,mid,autofeat,1
pittsburg-bridges-MATERIAL,0,mid,random_proj,19
pittsburg-bridges-MATERIAL,0,mid,ht_svd,0
pittsburg-bridges-MATERIAL,0,mid,robust,0
pittsburg-bridges-MATERIAL,0,mid,minmax,0
pittsburg-bridges-MATERIAL,0,late,identity,27
pittsburg-bridges-MATERIAL,0,late,autofeat,0
pittsburg-bridges-MATERIAL,0,late,random_proj,0
pittsburg-bridges-MATERIAL,0,late,ht_svd,6
pittsburg-bridges-MATERIAL,0,late,robust,0
pittsburg-bridges-MATERIAL,0,late,minmax,0
pittsburg-bridges-MATERIAL,1,early,identity,8
pittsburg-bridges-MATERIAL,1,early,autofeat,12
pittsburg-bridges-MATERIAL,1,early,random_proj,7
pittsburg-bridges-MATERIAL,1,early,ht_svd,7
pittsburg-bridges-MATERIAL,1,early,robust,0
pittsburg-bridges-MATERIAL,1,early,minmax,0
pittsburg-bridges-MATERIAL,1,mid,identity,6
pittsburg-bridges-MATERIAL,1,mid,autofeat,3
pittsburg-bridges-MATERIAL,1,mid,random_proj,20
pittsburg-bridges-MATERIAL,1,mid,ht_svd,4
pittsburg-bridges-MATERIAL,1,mid,robust,0
pittsburg-bridges-MATERIAL,1,mid,minmax,0
pittsburg-bridges-MATERIAL,1,late,identity,2
pittsburg-bridges-MATERIAL,1,late,autofeat,4
pittsburg-bridges-MATERIAL,1,late,random_proj,22
pittsburg-bridges-MATERIAL,1,late,ht_svd,5
pittsburg-bridges-MATERIAL,1,late,robust,0
pittsburg-bridges-MATERIAL,1,late,minmax,0
pittsburg-bridges-MATERIAL,2,early,identity,14
pittsburg-bridges-MATERIAL,2,early,autofeat,13
pittsburg-bridges-MATERIAL,2,early,random_proj,7
pittsburg-bridges-MATERIAL,2,early,ht_svd,0
pittsburg-bridges-MATERIAL,2,early,robust,0
pittsburg-bridges-MATERIAL,2,early,minmax,0
pittsburg-bridges-MATERIAL,2,mid,identity,17
pittsburg-bridges-MATERIAL,2,mid,autofeat,16
pittsburg-bridges-MATERIAL,2,mid,random_proj,0
pittsburg-bridges-MATERIAL,2,mid,ht_svd,0
pittsburg-bridges-MATERIAL,2,mid,robust,0
pittsburg-bridges-MATERIAL,2,mid,minmax,0
pittsburg-bridges-MATERIAL,2,late,identity,25
pittsburg-bridges-MATERIAL,2,late,autofeat,8
pittsburg-bridges-MATERIAL,2,late,random_proj,0
pittsburg-bridges-MATERIAL,2,late,ht_svd,0
pittsburg-bridges-MATERIAL,2,late,robust,0
pittsburg-bridges-MATERIAL,2,late,minmax,0
pittsburg-bridges-MATERIAL,3,early,identity,19
pittsburg-bridges-MATERIAL,3,early,autofeat,0
pittsburg-bridges-MATERIAL,3,early,random_proj,9
pittsburg-bridges-MATERIAL,3,early,ht_svd,6
pittsburg-bridges-MATERIAL,3,early,robust,0
pittsburg-bridges-MATERIAL,3,early,minmax,0
pittsburg-bridges-MATERIAL,3,mid,identity,27
pittsburg-bridges-MATERIAL,3,mid,autofeat,0
pittsburg-bridges-MATERIAL,3,mid,random_proj,1
pittsburg-bridges-MATERIAL,3,mid,ht_svd,5
pittsburg-bridges-MATERIAL,3,mid,robust,0
pittsburg-bridges-MATERIAL,3,mid,minmax,0
pittsburg-bridges-MATERIAL,3,late,identity,24
pittsburg-bridges-MATERIAL,3,late,autofeat,0
pittsburg-bridges-MATERIAL,3,late,random_proj,3
pittsburg-bridges-MATERIAL,3,late,ht_svd,6
pittsburg-bridges-MATERIAL,3,late,robust,0
pittsburg-bridges-MATERIAL,3,late,minmax,0
pittsburg-bridges-TYPE,0,early,identity,6
pittsburg-bridges-TYPE,0,early,autofeat,14
pittsburg-bridges-TYPE,0,early,random_proj,7
pittsburg-bridges-TYPE,0,early,ht_svd,7
pittsburg-bridges-TYPE,0,early,robust,0
pittsburg-bridges-TYPE,0,early,minmax,0
pittsburg-bridges-TYPE,0,mid,identity,12
pittsburg-bridges-TYPE,0,mid,autofeat,5
pittsburg-bridges-TYPE,0,mid,random_proj,9
pittsburg-bridges-TYPE,0,mid,ht_svd,7
pittsburg-bridges-TYPE,0,mid,robust,0
pittsburg-bridges-TYPE,0,mid,minmax,0
pittsburg-bridges-TYPE,0,late,identity,9
pittsburg-bridges-TYPE,0,late,autofeat,3
pittsburg-bridges-TYPE,0,late,random_proj,11
pittsburg-bridges-TYPE,0,late,ht_svd,10
pittsburg-bridges-TYPE,0,late,robust,0
pittsburg-bridges-TYPE,0,late,minmax,0
pittsburg-bridges-TYPE,1,early,identity,7
pittsburg-bridges-TYPE,1,early,autofeat,10
pittsburg-bridges-TYPE,1,early,random_proj,11
pittsburg-bridges-TYPE,1,early,ht_svd,6
pittsburg-bridges-TYPE,1,early,robust,0
pittsburg-bridges-TYPE,1,early,minmax,0
pittsburg-bridges-TYPE,1,mid,identity,15
pittsburg-bridges-TYPE,1,mid,autofeat,2
pittsburg-bridges-TYPE,1,mid,random_proj,8
pittsburg-bridges-TYPE,1,mid,ht_svd,8
pittsburg-bridges-TYPE,1,mid,robust,0
pittsburg-bridges-TYPE,1,mid,minmax,0
pittsburg-bridges-TYPE,1,late,identity,7
pittsburg-bridges-TYPE,1,late,autofeat,0
pittsburg-bridges-TYPE,1,late,random_proj,13
pittsburg-bridges-TYPE,1,late,ht_svd,13
pittsburg-bridges-TYPE,1,late,robust,0
pittsburg-bridges-TYPE,1,late,minmax,0
pittsburg-bridges-TYPE,2,early,identity,8
pittsburg-bridges-TYPE,2,early,autofeat,3
pittsburg-bridges-TYPE,2,early,random_proj,8
pittsburg-bridges-TYPE,2,early,ht_svd,15
pittsburg-bridges-TYPE,2,early,robust,0
pittsburg-bridges-TYPE,2,early,minmax,0
pittsburg-bridges-TYPE,2,mid,identity,1
pittsburg-bridges-TYPE,2,mid,autofeat,3
pittsburg-bridges-TYPE,2,mid,random_proj,5
pittsburg-bridges-TYPE,2,mid,ht_svd,24
pittsburg-bridges-TYPE,2,mid,robust,0
pittsburg-bridges-TYPE,2,mid,minmax,0
pittsburg-bridges-TYPE,2,late,identity,1
pittsburg-bridges-TYPE,2,late,autofeat,2
pittsburg-bridges-TYPE,2,late,random_proj,3
pittsburg-bridges-TYPE,2,late,ht_svd,27
pittsburg-bridges-TYPE,2,late,robust,0
pittsburg-bridges-TYPE,2,late,minmax,0
pittsburg-bridges-TYPE,3,early,identity,7
pittsburg-bridges-TYPE,3,early,autofeat,2
pittsburg-bridges-TYPE,3,early,random_proj,2
pittsburg-bridges-TYPE,3,early,ht_svd,23
pittsburg-bridges-TYPE,3,early,robust,0
pittsburg-bridges-TYPE,3,early,minmax,0
pittsburg-bridges-TYPE,3,mid,identity,4
pittsburg-bridges-TYPE,3,mid,autofeat,6
pittsburg-bridges-TYPE,3,mid,random_proj,3
pittsburg-bridges-TYPE,3,mid,ht_svd,20
pittsburg-bridges-TYPE,3,mid,robust,0
pittsburg-bridges-TYPE,3,mid,minmax,0
pittsburg-bridges-TYPE,3,late,identity,6
pittsburg-bridges-TYPE,3,late,autofeat,4
pittsburg-bridges-TYPE,3,late,random_proj,2
pittsburg-bridges-TYPE,3,late,ht_svd,21
pittsburg-bridges-TYPE,3,late,robust,0
pittsburg-bridges-TYPE,3,late,minmax,0
conn-bench-sonar-mines-rocks,0,early,identity,11
conn-bench-sonar-mines-rocks,0,early,autofeat,11
conn-bench-sonar-mines-rocks,0,early,random_proj,3
conn-bench-sonar-mines-rocks,0,early,ht_svd,9
conn-bench-sonar-mines-rocks,0,early,robust,0
conn-bench-sonar-mines-rocks,0,early,minmax,0
conn-bench-sonar-mines-rocks,0,mid,identity,14
conn-bench-sonar-mines-rocks,0,mid,autofeat,5
conn-bench-sonar-mines-rocks,0,mid,random_proj,9
conn-bench-sonar-mines-rocks,0,mid,ht_svd,5
conn-bench-sonar-mines-rocks,0,mid,robust,0
conn-bench-sonar-mines-rocks,0,mid,minmax,0
conn-bench-sonar-mines-rocks,0,late,identity,12
conn-bench-sonar-mines-rocks,0,late,autofeat,4
conn-bench-sonar-mines-rocks,0,late,random_proj,10
conn-bench-sonar-mines-rocks,0,late,ht_svd,7
conn-bench-sonar-mines-rocks,0,late,robust,0
conn-bench-sonar-mines-rocks,0,late,minmax,0
conn-bench-sonar-mines-rocks,1,early,identity,4
conn-bench-sonar-mines-rocks,1,early,autofeat,9
conn-bench-sonar-mines-rocks,1,early,random_proj,11
conn-bench-sonar-mines-rocks,1,early,ht_svd,10
conn-bench-sonar-mines-rocks,1,early,robust,0
conn-bench-sonar-mines-rocks,1,early,minmax,0
conn-bench-sonar-mines-rocks,1,mid,identity,3
conn-bench-sonar-mines-rocks,1,mid,autofeat,10
conn-bench-sonar-mines-rocks,1,mid,random_proj,8
conn-bench-sonar-mines-rocks,1,mid,ht_svd,12
conn-bench-sonar-mines-rocks,1,mid,robust,0
conn-bench-sonar-mines-rocks,1,mid,minmax,0
conn-bench-sonar-mines-rocks,1,late,identity,18
conn-bench-sonar-mines-rocks,1,late,autofeat,7
conn-bench-sonar-mines-rocks,1,late,random_proj,1
conn-bench-sonar-mines-rocks,1,late,ht_svd,7
conn-bench-sonar-mines-rocks,1,late,robust,0
conn-bench-sonar-mines-rocks,1,late,minmax,0
conn-bench-sonar-mines-rocks,2,early,identity,4
conn-bench-sonar-mines-rocks,2,early,autofeat,10
conn-bench-sonar-mines-rocks,2,early,random_proj,13
conn-bench-sonar-mines-rocks,2,early,ht_svd,7
conn-bench-sonar-mines-rocks,2,early,robust,0
conn-bench-sonar-mines-rocks,2,early,minmax,0
conn-bench-sonar-mines-rocks,2,mid,identity,6
conn-bench-sonar-mines-rocks,2,mid,autofeat,9
conn-bench-sonar-mines-rocks,2,mid,random_proj,13
conn-bench-sonar-mines-rocks,2,mid,ht_svd,5
conn-bench-sonar-mines-rocks,2,mid,robust,0
conn-bench-sonar-mines-rocks,2,mid,minmax,0
conn-bench-sonar-mines-rocks,2,late,identity,15
conn-bench-sonar-mines-rocks,2,late,autofeat,3
conn-bench-sonar-mines-rocks,2,late,random_proj,9
conn-bench-sonar-mines-rocks,2,late,ht_svd,6
conn-bench-sonar-mines-rocks,2,late,robust,0
conn-bench-sonar-mines-rocks,2,late,minmax,0
conn-bench-sonar-mines-rocks,3,early,identity,13
conn-bench-sonar-mines-rocks,3,early,autofeat,8
conn-bench-sonar-mines-rocks,3,early,random_proj,6
conn-bench-sonar-mines-rocks,3,early,ht_svd,7
conn-bench-sonar-mines-rocks,3,early,robust,0
conn-bench-sonar-mines-rocks,3,early,minmax,0
conn-bench-sonar-mines-rocks,3,mid,identity,13
conn-bench-sonar-mines-rocks,3,mid,autofeat,15
conn-bench-sonar-mines-rocks,3,mid,random_proj,5
conn-bench-sonar-mines-rocks,3,mid,ht_svd,0
conn-bench-sonar-mines-rocks,3,mid,robust,0
conn-bench-sonar-mines-rocks,3,mid,minmax,0
conn-bench-sonar-mines-rocks,3,late,identity,22
conn-bench-sonar-mines-rocks,3,late,autofeat,5
conn-bench-sonar-mines-rocks,3,late,random_proj,6
conn-bench-sonar-mines-rocks,3,late,ht_svd,0
conn-bench-sonar-mines-rocks,3,late,robust,0
conn-bench-sonar-mines-rocks,3,late,minmax,0
